C:/Users/nasir/OneDrive/Documents/Aquafina detection/feedback/aquafina/20260907_111226_495902.jpg,aquafina
C:/Users/nasir/OneDrive/Documents/Aquafina detection/feedback/aquafina/20260907_111309_123763.jpg,aquafina
C:/Users/nasir/OneDrive/Documents/Aquafina detection/feedback/aquafina/20260907_111310_994567.jpg,aquafina
C:/Users/nasir/OneDrive/Documents/Aquafina detection/feedback/aquafina/20260907_111316_997086.jpg,aquafina
C:/Users/nasir/OneDrive/Documents/Aquafina detection/feedback/aquafina/20260907_111321_868367.jpg,aquafina
C:/Users/nasir/OneDrive/Documents/Aquafina detection/feedback/aquafina/20260907_111330_472558.jpg,aquafina
C:/Users/nasir/OneDrive/Documents/Aquafina detection/feedback/aquafina/20260907_111335_391575.jpg,aquafina
C:/Users/nasir/OneDrive/Documents/Aquafina detection/feedback/aquafina/20260907_111338_655612.jpg,aquafina
C:/Users/nasir/OneDrive/Documents/Aquafina detection/feedback/aquafina/20260907_111341_199409.jpg,aquafina
C:/Users/nasir/OneDrive/Documents/Aquafina detection/feedback/aquafina/20260907_111342_475455.jpg,aquafina
C:/Users/nasir/OneDrive/Documents/Aquafina detection/feedback/aquafina/20260907_111343_186590.jpg,aquafina
C:/Users/nasir/OneDrive/Documents/Aquafina detection/feedback/other/20260907_112514_126083.jpg,other
C:/Users/nasir/OneDrive/Documents/Aquafina detection/feedback/other/20260907_113237_016551.jpg,other
C:/Users/nasir/OneDrive/Documents/Aquafina detection/feedback/other/20260907_133229_054795.jpg,other
C:/Users/nasir/OneDrive/Documents/Aquafina detection/feedback/other/20260907_133234_896719.jpg,other
C:/Users/nasir/OneDrive/Documents/Aquafina detection/feedback/other/20260907_133331_587159.jpg,other
C:/Users/nasir/OneDrive/Documents/Aquafina detection/feedback/other/20260907_133336_067720.jpg,other
C:/Users/nasir/OneDrive/Documents/Aquafina detection/feedback/other/20260907_133343_718589.jpg,other
C:/Users/nasir/OneDrive/Documents/Aquafina detection/feedback/other/20260907_133412_130051.jpg,other
C:/Users/nasir/OneDrive/Documents/Aquafina detection/feedback/other/20260907_133416_634046.jpg,other
C:/Users/nasir/OneDrive/Documents/Aquafina detection/feedback/aquafina/20260907_133427_254699.jpg,aquafina
C:/Users/nasir/OneDrive/Documents/Aquafina detection/feedback/aquafina/20260907_133437_938716.jpg,aquafina
C:/Users/nasir/OneDrive/Documents/Aquafina detection/feedback/aquafina/20260907_133445_559393.jpg,aquafina
C:/Users/nasir/OneDrive/Documents/Aquafina detection/feedback/aquafina/20260907_133446_935743.jpg,aquafina
C:/Users/nasir/OneDrive/Documents/Aquafina detection/feedback/aquafina/20260907_133450_576480.jpg,aquafina
C:/Users/nasir/OneDrive/Documents/Aquafina detection/feedback/aquafina/20260907_133453_286322.jpg,aquafina
C:/Users/nasir/OneDrive/Documents/Aquafina detection/feedback/aquafina/20260907_133455_490045.jpg,aquafina
C:/Users/nasir/OneDrive/Documents/Aquafina detection/feedback/aquafina/20260907_133457_063519.jpg,aquafina
C:/Users/nasir/OneDrive/Documents/Aquafina detection/feedback/other/20260907_133531_908790.jpg,other
C:/Users/nasir/OneDrive/Documents/Aquafina detection/feedback/other/20260907_133536_692145.jpg,other
C:/Users/nasir/OneDrive/Documents/Aquafina detection/feedback/other/20260907_133538_029923.jpg,other
C:/Users/nasir/OneDrive/Documents/Aquafina detection/feedback/other/20260907_133538_922556.jpg,other
C:/Users/nasir/OneDrive/Documents/Aquafina detection/feedback/other/20260907_133539_713714.jpg,other
C:/Users/nasir/OneDrive/Documents/Aquafina detection/feedback/other/20260907_133540_573502.jpg,other
C:/Users/nasir/OneDrive/Documents/Aquafina detection/feedback/other/20260907_133541_437732.jpg,other
C:/Users/nasir/OneDrive/Documents/Aquafina detection/feedback/other/20260907_133543_288461.jpg,other
C:/Users/nasir/OneDrive/Documents/Aquafina detection/feedback/aquafina/20260907_133635_021760.jpg,aquafina
C:/Users/nasir/OneDrive/Documents/Aquafina detection/feedback/other/20260907_133745_074266.jpg,other
C:/Users/nasir/OneDrive/Documents/Aquafina detection/feedback/other/20260907_133752_189378.jpg,other
C:/Users/nasir/OneDrive/Documents/Aquafina detection/feedback/aquafina/20260907_133842_433876.jpg,aquafina
C:/Users/nasir/OneDrive/Documents/Aquafina detection/feedback/aquafina/20260907_133855_133364.jpg,aquafina
C:/Users/nasir/OneDrive/Documents/Aquafina detection/feedback/other/20260907_135501_945829.jpg,other
C:/Users/nasir/OneDrive/Documents/Aquafina detection/feedback/other/20260907_141312_821762.jpg,other
C:/Users/nasir/OneDrive/Documents/Aquafina detection/feedback/other/20260907_141322_965966.jpg,other
C:/Users/nasir/OneDrive/Documents/Aquafina detection/feedback/other/20260907_141334_314909.jpg,other
C:/Users/nasir/OneDrive/Documents/Aquafina detection/feedback/other/20260907_141341_102597.jpg,other
C:/Users/nasir/OneDrive/Documents/Aquafina detection/feedback/other/20260907_141351_618247.jpg,other
C:/Users/nasir/OneDrive/Documents/Aquafina detection/feedback/other/20260907_141405_879108.jpg,other
C:/Users/nasir/OneDrive/Documents/Aquafina detection/feedback/other/20260907_141416_556152.jpg,other
C:/Users/nasir/OneDrive/Documents/Aquafina detection/feedback/aquafina/20260907_141449_512870.jpg,aquafina
C:/Users/nasir/OneDrive/Documents/Aquafina detection/feedback/aquafina/20260907_141501_882474.jpg,aquafina
C:/Users/nasir/OneDrive/Documents/Aquafina detection/feedback/aquafina/20260907_141517_990462.jpg,aquafina
C:/Users/nasir/OneDrive/Documents/Aquafina detection/feedback/aquafina/20260907_141525_960541.jpg,aquafina
C:/Users/nasir/OneDrive/Documents/Aquafina detection/feedback/aquafina/20260907_141555_504342.jpg,aquafina
C:/Users/nasir/OneDrive/Documents/Aquafina detection/feedback/aquafina/20260907_141608_456608.jpg,aquafina
C:/Users/nasir/OneDrive/Documents/Aquafina detection/feedback/aquafina/20260907_141611_794563.jpg,aquafina
C:/Users/nasir/OneDrive/Documents/Aquafina detection/feedback/other/20260907_141649_796027.jpg,other
C:/Users/nasir/OneDrive/Documents/Aquafina detection/feedback/other/20260907_141653_481840.jpg,other
C:/Users/nasir/OneDrive/Documents/Aquafina detection/feedback/other/20260907_141657_193907.jpg,other
C:/Users/nasir/OneDrive/Documents/Aquafina detection/feedback/aquafina/20260907_141712_168801.jpg,aquafina
C:/Users/nasir/OneDrive/Documents/Aquafina detection/feedback/aquafina/20260907_150954_967283.jpg,aquafina
C:/Users/nasir/OneDrive/Documents/Aquafina detection/feedback/aquafina/20260907_150957_937467.jpg,aquafina
C:/Users/nasir/OneDrive/Documents/Aquafina detection/feedback/aquafina/20260907_151002_596964.jpg,aquafina
C:/Users/nasir/OneDrive/Documents/Aquafina detection/feedback/aquafina/20260907_151013_551458.jpg,aquafina
